{
  "metadata": {
    "title": {
      "default": "Homepedia — AI-Powered Tax & Accounting in Australia",
      "template": "%s — Homepedia"
    },
    "description": "Smart tax preparation powered by AI and backed by registered tax agents. Individual tax returns from $220. Serving all of Australia."
  },
  "nav": {
    "home": "Home",
    "about": "About",
    "services": "Services",
    "pricing": "Pricing",
    "blog": "Blog",
    "faq": "FAQ",
    "contact": "Contact",
    "assistant": "AI Tax Assistant"
  },
  "hero": {
    "badge": "Registered Tax Agent · TPB Licence #26336583",
    "title": "Smart Accounting for Modern Australians",
    "subtitle": "AI-powered tax preparation backed by human expertise",
    "cta": "Start with AI Assistant",
    "trustAgent": "Registered Tax Agent",
    "trustABN": "ABN 44 643 057 354"
  },
  "footer": {
    "tagline": "AI-powered tax preparation backed by registered tax agents. Serving individuals and businesses across Australia.",
    "compliance": "Compliance",
    "privacyAct": "Privacy Act 1988",
    "amlCtf": "AML/CTF Act",
    "privacyPolicy": "Privacy Policy",
    "terms": "Terms of Service",
    "contactTitle": "Contact",
    "location": "Sydney, Australia",
    "email": "info@homepedia.com.au",
    "copyright": "© {year} Homepedia Pty Ltd",
    "abn": "ABN 44 643 057 354",
    "tpb": "Registered Tax Agent · TPB #26336583",
    "disclaimer": "This website does not provide personal tax, financial, or legal advice. Information is general in nature. Please consult a registered tax agent for advice specific to your circumstances."
  },
  "cta": {
    "getQuote": "Get a Quote",
    "getPersonalisedQuote": "Get Personalised Quote",
    "talkToUs": "Talk to Us",
    "contactUs": "Contact Us",
    "startAssistant": "Start with AI Assistant",
    "viewPricing": "View Full Pricing",
    "viewAll": "View All",
    "readMore": "Read More",
    "stillHaveQuestions": "Still have questions?"
  }
}
