{
  "metadata": {
    "title": {
      "default": "Homepedia — AI-Powered Tax & Accounting in Australia",
      "template": "%s — Homepedia"
    },
    "description": "Smart tax preparation powered by AI and backed by registered tax agents. Individual tax returns from $220. Serving all of Australia."
  },
  "nav": {
    "home": "Home",
    "about": "About",
    "services": "Services",
    "pricing": "Pricing",
    "blog": "Blog",
    "faq": "FAQ",
    "contact": "Contact",
    "assistant": "AI Tax Assistant"
  },
  "hero": {
    "badge": "Registered Tax Agent · TPB Licence #26336583",
    "title": "Smart Accounting for Modern Australians",
    "subtitle": "AI-powered tax preparation backed by human expertise",
    "cta": "Start with AI Assistant",
    "trust1": "Registered Tax Agent",
    "trust2": "ABN 44 643 057 354"
  },
  "triage": {
    "label": "Interactive Diagnosis",
    "title": "Do You Know Your Tax Situation?",
    "subtitle": "Quick check to see if you're on track",
    "q1": "Do you have income from investments such as shares, crypto, or property?",
    "q2": "Did you work from home for any period this financial year?",
    "q3": "Do you have any overseas income or foreign assets?",
    "yes": "Yes",
    "no": "No",
    "progress": "Question {current} of {total}",
    "resultTitle": "Your Tax Situation May Need Attention",
    "resultDesc": "Based on your answers, professional guidance could help you maximise your return and stay compliant.",
    "resultCta": "Get Expert Assessment →",
    "restart": "Restart"
  },
  "services": {
    "label": "Our Expertise",
    "title": "Three Ways We Help",
    "compliance": {
      "title": "Tax Compliance",
      "desc": "Individual and business tax returns with AI-assisted preparation and registered agent review. We handle everything from PAYG summaries to complex multi-entity structures.",
      "outcome": "Full ATO compliance, maximised deductions"
    },
    "cfo": {
      "title": "CFO & Advisory",
      "desc": "Strategic financial guidance for growing businesses — cash flow management, forecasting, and business structure optimisation.",
      "outcome": "Optimised cash management for growth"
    },
    "structure": {
      "title": "Cross-Border Structure",
      "desc": "Entity design for international operations, transfer pricing, and global tax efficiency for clients with cross-border interests.",
      "outcome": "Structural readiness for expansion"
    }
  },
  "estimator": {
    "label": "Interactive Tools",
    "title": "Tax Estimator",
    "desc": "Get a quick estimate of your tax position. For a precise, personalised calculation, try our AI assistant.",
    "resultLabel": "Estimated Tax",
    "resultNote": "Based on 2024-25 Australian tax rates",
    "revenueLabel": "Annual Income",
    "deductionsLabel": "Estimated Deductions",
    "cta": "Get Accurate Estimate →"
  },
  "approach": {
    "label": "Methodology",
    "title": "How We Work",
    "subtitle": "A systematic approach to getting your tax right",
    "steps": {
      "0": {
        "title": "Assess",
        "desc": "Comprehensive review of your income, deductions, and financial situation to understand the full picture."
      },
      "1": {
        "title": "Plan",
        "desc": "Strategic tax planning to maximise your position within ATO guidelines and minimise liability."
      },
      "2": {
        "title": "Execute",
        "desc": "Precise preparation and lodgement of your returns with full documentation and audit readiness."
      },
      "3": {
        "title": "Review",
        "desc": "Post-lodgement verification and ongoing monitoring of your obligations and opportunities."
      }
    }
  },
  "pricingPreview": {
    "label": "Transparent Pricing",
    "title": "Simple, Modular Pricing",
    "subtitle": "Start with a base return, add modules for your situation",
    "items": {
      "0": { "label": "Individual Tax Return", "price": "from $220" },
      "1": { "label": "Rental Property Schedule", "price": "+ $180" },
      "2": { "label": "Capital Gains (Shares / Crypto)", "price": "+ $180" },
      "3": { "label": "Foreign Income", "price": "+ $150" },
      "4": { "label": "Business / Sole Trader", "price": "from $450" }
    },
    "ctaPrimary": "Get Personalised Quote",
    "ctaSecondary": "View Full Pricing →"
  },
  "blogPreview": {
    "label": "Insights",
    "title": "Latest from Our Blog",
    "viewAll": "View All",
    "articleCta": "Need help with this topic?",
    "articleCtaButton": "Talk to our AI Assistant →",
    "articles": {
      "0": {
        "category": "Tax Tips",
        "title": "5 Deductions Most Australians Miss",
        "excerpt": "Many Australians leave money on the table each year by overlooking common deductions.",
        "content": "From work-from-home expenses to self-education costs, there are numerous deductions that many taxpayers don't claim. The ATO allows deductions for a home office if you work from home regularly, including a fixed rate of 67 cents per hour for running expenses.\n\nSelf-education costs directly related to your current employment are also deductible, as are union fees, professional memberships, and income protection insurance premiums.\n\nAnother commonly missed area is car and travel expenses for work-related journeys. If you use your personal vehicle for work purposes beyond commuting, you can claim up to 85 cents per kilometre.\n\nFor property investors, depreciation on fixtures and fittings in rental properties is frequently overlooked. A quantity surveyor's report can identify thousands in claimable depreciation.",
        "readTime": "5 min",
        "author": "Homepedia",
        "date": "Feb 18"
      },
      "1": {
        "category": "Compliance",
        "title": "ATO Focus Areas for 2025-26 Returns",
        "excerpt": "The ATO has flagged several key areas for increased scrutiny this financial year.",
        "content": "The Australian Taxation Office has announced its priority compliance areas for the upcoming tax season. Cryptocurrency transactions remain a top focus, with the ATO now receiving data from all major Australian exchanges.\n\nWork-from-home claims continue to be scrutinised following the post-COVID adjustment period. The ATO expects claims to reflect actual working arrangements.\n\nRental property deductions, particularly interest expenses and capital works, are under increased review. The ATO has enhanced its data analytics capabilities to identify anomalies.\n\nSharing economy income from platforms like Airbnb, Uber, and Airtasker must be fully declared. The ATO receives detailed transaction data from these platforms.",
        "readTime": "8 min",
        "author": "Tax Team",
        "date": "Feb 10"
      },
      "2": {
        "category": "Crypto",
        "title": "Reporting Cryptocurrency Gains in Australia",
        "excerpt": "A clear guide to how the ATO treats crypto assets and what you need to report.",
        "content": "In Australia, cryptocurrency is treated as property for tax purposes, not as currency. This means every disposal — selling, trading, gifting, or using crypto to purchase goods — is a taxable event.\n\nCapital gains tax applies to any profit made on crypto disposals. If you hold crypto for more than 12 months before disposing of it, you may be eligible for the 50% CGT discount.\n\nThe ATO requires detailed records of every transaction, including the date of acquisition, what you paid in AUD at the time, the date of disposal, and the proceeds received.\n\nDeFi activities, staking rewards, and airdrops each have specific tax treatments. Using a crypto tax calculator that integrates with Australian exchanges can simplify your record-keeping.",
        "readTime": "6 min",
        "author": "Homepedia",
        "date": "Jan 28"
      }
    }
  },
  "bottomCta": {
    "label": "Get Started",
    "title": "Ready to get your tax sorted?",
    "subtitle": "Start with our AI assistant for instant guidance, or speak directly with our team.",
    "ctaPrimary": "Start with AI Assistant",
    "ctaSecondary": "Contact Us"
  },
  "footer": {
    "tagline": "AI-powered tax preparation backed by registered tax agents. Serving individuals and businesses across Australia.",
    "compliance": "Compliance",
    "privacyAct": "Privacy Act 1988",
    "amlCtf": "AML/CTF Act",
    "contactTitle": "Contact",
    "location": "Sydney, Australia",
    "email": "info@homepedia.com.au",
    "copyright": "© {year} Homepedia Pty Ltd",
    "abn": "ABN 44 643 057 354",
    "tpb": "Registered Tax Agent · TPB #26336583",
    "disclaimer": "This website does not provide personal tax, financial, or legal advice. Information is general in nature. Please consult a registered tax agent for advice specific to your circumstances."
  },
  "cta": {
    "getQuote": "Get a Quote",
    "getPersonalisedQuote": "Get Personalised Quote",
    "talkToUs": "Talk to Us",
    "contactUs": "Contact Us",
    "startAssistant": "Start with AI Assistant",
    "viewPricing": "View Full Pricing",
    "viewAll": "View All",
    "readMore": "Read More",
    "stillHaveQuestions": "Still have questions?"
  }
}
