{
  "metadata": {
    "title": {
      "default": "Homepedia — 澳洲智能报税与会计服务",
      "template": "%s — Homepedia"
    },
    "description": "AI 驱动的智能报税服务，由注册税务代理提供专业保障。个人报税低至 $220 起。服务覆盖全澳大利亚。"
  },
  "nav": {
    "home": "首页",
    "about": "关于我们",
    "services": "服务",
    "pricing": "定价",
    "blog": "博客",
    "faq": "常见问题",
    "contact": "联系我们",
    "assistant": "AI 税务助手"
  },
  "hero": {
    "badge": "注册税务代理 · TPB 执照 #26336583",
    "title": "为现代澳洲人打造的智能会计服务",
    "subtitle": "AI 驱动的报税服务，由专业会计师全程把关",
    "cta": "开始使用 AI 助手",
    "trustAgent": "注册税务代理",
    "trustABN": "ABN 44 643 057 354"
  },
  "footer": {
    "tagline": "AI 驱动的报税服务，由注册税务代理提供专业保障。服务覆盖全澳个人与企业客户。",
    "compliance": "合规信息",
    "privacyAct": "Privacy Act 1988",
    "amlCtf": "AML/CTF Act",
    "privacyPolicy": "隐私政策",
    "terms": "服务条款",
    "contactTitle": "联系方式",
    "location": "悉尼，澳大利亚",
    "email": "info@homepedia.com.au",
    "copyright": "© {year} Homepedia Pty Ltd",
    "abn": "ABN 44 643 057 354",
    "tpb": "注册税务代理 · TPB #26336583",
    "disclaimer": "本网站不提供个人税务、财务或法律建议。所有信息仅供一般参考。请咨询注册税务代理获取针对您具体情况的建议。"
  },
  "cta": {
    "getQuote": "获取报价",
    "getPersonalisedQuote": "获取个性化报价",
    "talkToUs": "联系我们",
    "contactUs": "联系我们",
    "startAssistant": "开始使用 AI 助手",
    "viewPricing": "查看完整定价",
    "viewAll": "查看全部",
    "readMore": "阅读更多",
    "stillHaveQuestions": "还有其他问题？"
  }
}
