{
  "metadata": {
    "title": {
      "default": "Homepedia — 澳洲智能报税与会计服务",
      "template": "%s — Homepedia"
    },
    "description": "AI 驱动的智能报税服务，持牌税务代理全程把关。个人报税 $220 起，服务全澳。"
  },
  "nav": {
    "home": "首页",
    "about": "关于我们",
    "services": "服务",
    "pricing": "价格",
    "blog": "资讯",
    "faq": "常见问题",
    "contact": "联系我们",
    "assistant": "AI 报税助手"
  },
  "hero": {
    "badge": "持牌税务代理 · TPB 执照 #26336583",
    "title": "为现代澳洲人打造的智能会计服务",
    "subtitle": "AI 驱动报税，持牌税务代理全程把关",
    "cta": "开始使用 AI 助手",
    "trust1": "持牌税务代理",
    "trust2": "ABN 44 643 057 354"
  },
  "triage": {
    "label": "快速诊断",
    "title": "你了解自己的税务状况吗？",
    "subtitle": "快速检查你是否在正确的轨道上",
    "q1": "你是否有来自股票、加密货币或房产等投资的收入？",
    "q2": "本财年你是否有在家办公？",
    "q3": "你是否有海外收入或海外资产？",
    "yes": "是",
    "no": "否",
    "progress": "第 {current} 题，共 {total} 题",
    "resultTitle": "你的税务情况可能需要关注",
    "resultDesc": "根据你的回答，专业指导可以帮助你最大化退税并保持合规。",
    "resultCta": "获取专家评估 →",
    "restart": "重新开始"
  },
  "services": {
    "label": "我们的专长",
    "title": "三大服务方向",
    "compliance": {
      "title": "税务合规",
      "desc": "AI 辅助准备个人及企业报税，持牌税务代理全程复核。从 PAYG 到复杂的多实体结构，我们全面覆盖。",
      "outcome": "完全符合 ATO 要求，最大化扣除"
    },
    "cfo": {
      "title": "CFO 与咨询",
      "desc": "为成长中的企业提供战略财务指导——现金流管理、预测与业务结构优化。",
      "outcome": "优化现金管理，助力增长"
    },
    "structure": {
      "title": "跨境架构",
      "desc": "为国际业务设计实体架构、转让定价与全球税务效率方案。",
      "outcome": "为跨境扩展做好结构准备"
    }
  },
  "estimator": {
    "label": "互动工具",
    "title": "税务估算器",
    "desc": "快速估算你的税务状况。如需精确的个性化计算，请使用我们的 AI 助手。",
    "resultLabel": "预估税额",
    "resultNote": "基于 2024-25 澳洲税率",
    "revenueLabel": "年收入",
    "deductionsLabel": "预估扣除额",
    "cta": "获取精确估算 →"
  },
  "approach": {
    "label": "方法论",
    "title": "我们的工作方式",
    "subtitle": "系统化的方法确保你的税务正确无误",
    "steps": {
      "0": {
        "title": "评估",
        "desc": "全面审视你的收入、扣除项和财务状况，了解全貌。"
      },
      "1": {
        "title": "规划",
        "desc": "在 ATO 规定范围内进行战略性税务规划，最大化你的税务优势。"
      },
      "2": {
        "title": "执行",
        "desc": "精确准备并提交你的申报表，确保文档完整、随时可审计。"
      },
      "3": {
        "title": "复核",
        "desc": "提交后持续验证，监控你的合规义务和优化机会。"
      }
    }
  },
  "pricingPreview": {
    "label": "透明定价",
    "title": "简单的模块化定价",
    "subtitle": "从基础报税开始，按需添加模块",
    "items": {
      "0": { "label": "个人报税", "price": "$220 起" },
      "1": { "label": "出租房产附表", "price": "+ $180" },
      "2": { "label": "资本增值（股票/加密货币）", "price": "+ $180" },
      "3": { "label": "海外收入", "price": "+ $150" },
      "4": { "label": "个体经营 / 小企业", "price": "$450 起" }
    },
    "ctaPrimary": "获取个性化报价",
    "ctaSecondary": "查看完整价格 →"
  },
  "blogPreview": {
    "label": "资讯",
    "title": "最新博客文章",
    "viewAll": "查看全部",
    "articleCta": "需要这方面的帮助？",
    "articleCtaButton": "咨询 AI 助手 →",
    "articles": {
      "0": {
        "category": "报税技巧",
        "title": "大多数澳洲人忽略的 5 项扣除",
        "excerpt": "许多澳洲人每年都因忽视常见扣除项而少退税。",
        "content": "从居家办公费用到自我教育支出，有许多扣除项是纳税人没有申报的。如果你经常在家办公，ATO 允许你以每小时 67 澳分的固定费率申报运营费用。\n\n与当前工作直接相关的自我教育费用也可以扣除，此外还有工会费、专业会员费和收入保护保险费。\n\n另一个常被忽视的领域是工作相关的汽车和差旅费用。如果你将个人车辆用于通勤以外的工作目的，可以按每公里 85 澳分的标准申报。\n\n对于房产投资者，出租物业中固定装置的折旧经常被忽略。工料测量师的报告可以帮你找到数千澳元的可申报折旧。",
        "readTime": "5 分钟",
        "author": "Homepedia",
        "date": "2月18日"
      },
      "1": {
        "category": "合规",
        "title": "ATO 2025-26 财年重点审查领域",
        "excerpt": "ATO 已确定本财年几个重点审查方向。",
        "content": "澳大利亚税务局已公布下一个报税季的优先合规领域。加密货币交易仍然是重中之重，ATO 目前已从所有主要的澳洲交易所接收数据。\n\n居家办公申报在后疫情调整期后继续受到审查。ATO 要求申报应反映实际的工作安排。\n\n出租物业的扣除项，特别是利息支出和资本工程，正在接受更多审查。ATO 已增强其数据分析能力以识别异常。\n\n来自 Airbnb、Uber 和 Airtasker 等平台的共享经济收入必须完整申报。ATO 从这些平台获取详细的交易数据。",
        "readTime": "8 分钟",
        "author": "税务团队",
        "date": "2月10日"
      },
      "2": {
        "category": "加密货币",
        "title": "在澳洲如何申报加密货币收益",
        "excerpt": "关于 ATO 如何对待加密资产以及你需要申报什么的清晰指南。",
        "content": "在澳大利亚，加密货币在税务上被视为财产而非货币。这意味着每一次处置——出售、交易、赠送或用加密货币购买商品——都是应税事件。\n\n资本利得税适用于加密货币处置的任何利润。如果你在处置前持有加密货币超过 12 个月，你可能有资格获得 50% 的 CGT 折扣。\n\nATO 要求详细记录每笔交易，包括获取日期、购买时的澳元价格、处置日期和获得的收益。\n\nDeFi 活动、质押奖励和空投各有特定的税务处理方式。使用与澳洲交易所集成的加密货币税务计算器可以简化你的记录保存。",
        "readTime": "6 分钟",
        "author": "Homepedia",
        "date": "1月28日"
      }
    }
  },
  "bottomCta": {
    "label": "开始",
    "title": "准备好处理你的税务了吗？",
    "subtitle": "使用 AI 助手获取即时指导，或直接与我们的团队交流。",
    "ctaPrimary": "开始使用 AI 助手",
    "ctaSecondary": "联系我们"
  },
  "footer": {
    "tagline": "AI 驱动的报税服务，持牌税务代理全程把关。服务全澳个人和企业客户。",
    "compliance": "合规",
    "privacyAct": "Privacy Act 1988",
    "amlCtf": "AML/CTF Act",
    "contactTitle": "联系方式",
    "location": "悉尼，澳大利亚",
    "email": "info@homepedia.com.au",
    "copyright": "© {year} Homepedia Pty Ltd",
    "abn": "ABN 44 643 057 354",
    "tpb": "持牌税务代理 · TPB #26336583",
    "disclaimer": "本网站不提供个人税务、财务或法律建议。所有信息均为一般性质。如需针对您具体情况的建议，请咨询持牌税务代理。"
  },
  "cta": {
    "getQuote": "获取报价",
    "getPersonalisedQuote": "获取个性化报价",
    "talkToUs": "联系我们",
    "contactUs": "联系我们",
    "startAssistant": "开始使用 AI 助手",
    "viewPricing": "查看完整价格",
    "viewAll": "查看全部",
    "readMore": "阅读更多",
    "stillHaveQuestions": "还有其他问题？"
  }
}
