{
  "en": {
    "privacyPage": {
      "label": "Legal",
      "title": "Privacy Policy",
      "lastUpdated": "Last updated: February 2026",
      "intro": "Homepedia Pty Ltd (ABN 44 643 057 354) is committed to protecting your personal information in accordance with the Australian Privacy Act 1988 and the Australian Privacy Principles (APPs). This policy explains how we collect, use, store, and disclose your personal information.",
      "sections": {
        "informationWeCollect": {
          "title": "Information We Collect",
          "body": "We collect personal information that you provide directly through our website contact form, including your name, email address, phone number, and details about the services you're interested in. When you use our AI Tax Assistant at app.homepedia.com.au, we may collect additional information necessary to prepare your tax return, such as income details, deduction records, and identification information."
        },
        "howWeUseInformation": {
          "title": "How We Use Your Information",
          "body": "We use your personal information to respond to your enquiries, provide tax preparation and accounting services, communicate with you about your tax return or service status, comply with our obligations under Australian tax law, and improve our services. We do not sell, rent, or trade your personal information to third parties for marketing purposes."
        },
        "googleSheetsStorage": {
          "title": "Data Storage via Google Sheets",
          "body": "Enquiries submitted through our contact form are stored in Google Sheets via the Google Workspace platform. Google Workspace complies with international data protection standards including ISO 27001 and SOC 2. Data is encrypted in transit and at rest. Access is restricted to authorised Homepedia team members only."
        },
        "aiAssistantData": {
          "title": "AI Tax Assistant Data",
          "body": "Our AI Tax Assistant processes your information to help prepare tax-related documents. Conversations and data entered into the assistant are used solely for the purpose of providing our services. We do not use your tax data to train AI models. Your information is handled in accordance with our obligations as a registered tax agent under the Tax Agent Services Act 2009."
        },
        "thirdPartyServices": {
          "title": "Third-Party Services",
          "body": "We use select third-party services to operate our website and deliver our services, including Google Workspace (data storage and email), Vercel (website hosting), and analytics tools. These providers have their own privacy policies and are bound by their respective data protection obligations. We take reasonable steps to ensure they handle your information securely."
        },
        "yourRights": {
          "title": "Your Rights",
          "body": "Under the Australian Privacy Principles, you have the right to access the personal information we hold about you, request correction of inaccurate information, request deletion of your information (subject to our legal and regulatory obligations), and lodge a complaint if you believe your privacy has been breached. To exercise any of these rights, please contact us at the details below."
        },
        "contactUs": {
          "title": "Contact Us",
          "body": "If you have questions about this privacy policy or wish to make a request regarding your personal information, please contact us at info@homepedia.com.au. Homepedia Pty Ltd, Sydney, Australia. If you are not satisfied with our response, you may lodge a complaint with the Office of the Australian Information Commissioner (OAIC) at www.oaic.gov.au."
        }
      }
    },
    "termsPage": {
      "label": "Legal",
      "title": "Terms of Service",
      "lastUpdated": "Last updated: February 2026",
      "intro": "These Terms of Service govern your use of the Homepedia website (homepedia.com.au) and the Homepedia AI Tax Assistant (app.homepedia.com.au). By accessing or using our services, you agree to be bound by these terms. If you do not agree, please do not use our services.",
      "sections": {
        "acceptance": {
          "title": "Acceptance of Terms",
          "body": "By using our website or AI Tax Assistant, you confirm that you are at least 18 years of age and have the legal capacity to enter into these terms. If you are using our services on behalf of a business entity, you represent that you have the authority to bind that entity to these terms."
        },
        "servicesDescription": {
          "title": "Description of Services",
          "body": "Homepedia provides tax preparation, accounting, and bookkeeping services for individuals and businesses in Australia. Our services include an AI-powered Tax Assistant that helps collect and organise information for tax returns, and professional review and lodgement by our registered tax agents (TPB Registration #26336583)."
        },
        "aiAssistantDisclaimer": {
          "title": "AI Assistant Disclaimer",
          "body": "Our AI Tax Assistant is a tool designed to help gather and organise your tax information. It provides general guidance based on ATO rules and regulations, but it is not a substitute for professional tax advice. The AI Assistant may reference tax rules for informational purposes, but all tax returns are reviewed and lodged by our registered tax agents who make the final professional assessment."
        },
        "professionalAdvice": {
          "title": "Professional Advice",
          "body": "The information provided on our website and by our AI Assistant is general in nature and does not constitute personal financial or tax advice. Your individual circumstances may vary, and we recommend consulting with our registered tax agents for advice specific to your situation. Tax laws and regulations are subject to change, and while we strive to keep our information current, we cannot guarantee that all content is up to date at all times."
        },
        "userResponsibilities": {
          "title": "User Responsibilities",
          "body": "You are responsible for providing accurate and complete information when using our services. You must not use our services for any unlawful purpose, attempt to gain unauthorised access to our systems, submit false or misleading information, or use our AI Assistant to generate advice for illegal tax avoidance schemes. You acknowledge that the accuracy of your tax return depends on the completeness and accuracy of the information you provide."
        },
        "limitationOfLiability": {
          "title": "Limitation of Liability",
          "body": "To the maximum extent permitted by Australian law, Homepedia's liability for any claim arising from or related to our services is limited to the fees you paid for the specific service giving rise to the claim. We are not liable for any indirect, consequential, or incidental damages, including but not limited to lost profits or penalties imposed by the ATO resulting from information you provided. Nothing in these terms excludes or limits liability that cannot be excluded under Australian Consumer Law."
        },
        "privacyLink": {
          "title": "Privacy",
          "body": "Your use of our services is also governed by our Privacy Policy, which explains how we collect, use, and protect your personal information. By using our services, you consent to the collection and use of your information as described in our Privacy Policy."
        },
        "changes": {
          "title": "Changes to These Terms",
          "body": "We may update these Terms of Service from time to time. Changes will be posted on this page with an updated revision date. Your continued use of our services after changes are posted constitutes acceptance of the revised terms. If we make material changes, we will make reasonable efforts to notify you, such as by posting a notice on our website."
        }
      }
    },
    "blogPage": {
      "label": "Insights",
      "title": "Tax Tips & Insights",
      "subtitle": "Practical tax knowledge and ATO updates for Australian individuals and businesses.",
      "noPosts": "No articles yet. Check back soon!",
      "backToList": "Back to Blog",
      "ctaLabel": "Need Help?",
      "ctaTitle": "Talk to Our AI Assistant",
      "ctaDescription": "Our AI Tax Assistant can help answer your tax questions and organise your return documents.",
      "ctaButton": "Start with AI Assistant"
    }
  },
  "zh": {
    "privacyPage": {
      "label": "法律条款",
      "title": "隐私政策",
      "lastUpdated": "最后更新：2026 年 2 月",
      "intro": "Homepedia Pty Ltd（ABN 44 643 057 354）致力于根据澳洲《隐私法 1988》和澳洲隐私原则（APPs）保护您的个人信息。本政策说明我们如何收集、使用、存储和披露您的个人信息。",
      "sections": {
        "informationWeCollect": {
          "title": "我们收集的信息",
          "body": "我们收集您通过网站联系表单直接提供的个人信息，包括姓名、电子邮箱、电话号码以及您感兴趣的服务详情。当您使用我们的 AI 税务助手（app.homepedia.com.au）时，我们可能会收集准备税务申报所需的额外信息，如收入详情、抵扣记录和身份证明信息。"
        },
        "howWeUseInformation": {
          "title": "我们如何使用您的信息",
          "body": "我们使用您的个人信息来回复您的询问、提供报税和会计服务、就您的税务申报或服务状态与您沟通、履行澳洲税法规定的义务，以及改善我们的服务。我们不会出于营销目的向第三方出售、出租或交易您的个人信息。"
        },
        "googleSheetsStorage": {
          "title": "通过 Google Sheets 存储数据",
          "body": "通过联系表单提交的询问存储在 Google Workspace 平台的 Google Sheets 中。Google Workspace 符合国际数据保护标准，包括 ISO 27001 和 SOC 2。数据在传输和存储时均加密。仅授权的 Homepedia 团队成员可以访问。"
        },
        "aiAssistantData": {
          "title": "AI 税务助手数据",
          "body": "我们的 AI 税务助手处理您的信息以帮助准备税务相关文件。输入助手的对话和数据仅用于提供我们的服务。我们不会使用您的税务数据来训练 AI 模型。您的信息按照《税务代理服务法 2009》规定的注册税务代理义务进行处理。"
        },
        "thirdPartyServices": {
          "title": "第三方服务",
          "body": "我们使用部分第三方服务来运营网站和提供服务，包括 Google Workspace（数据存储和电子邮件）、Vercel（网站托管）和分析工具。这些提供商有自己的隐私政策，并受各自的数据保护义务约束。我们采取合理措施确保他们安全处理您的信息。"
        },
        "yourRights": {
          "title": "您的权利",
          "body": "根据澳洲隐私原则，您有权访问我们持有的关于您的个人信息、请求更正不准确的信息、请求删除您的信息（受我们的法律和监管义务约束），以及在您认为隐私受到侵犯时提出投诉。要行使上述任何权利，请通过以下方式联系我们。"
        },
        "contactUs": {
          "title": "联系我们",
          "body": "如果您对本隐私政策有疑问或希望就您的个人信息提出请求，请通过 info@homepedia.com.au 联系我们。Homepedia Pty Ltd，悉尼，澳大利亚。如果您对我们的回复不满意，可以向澳洲信息专员办公室（OAIC）提出投诉，网址为 www.oaic.gov.au。"
        }
      }
    },
    "termsPage": {
      "label": "法律条款",
      "title": "服务条款",
      "lastUpdated": "最后更新：2026 年 2 月",
      "intro": "本服务条款管辖您对 Homepedia 网站（homepedia.com.au）和 Homepedia AI 税务助手（app.homepedia.com.au）的使用。访问或使用我们的服务即表示您同意受这些条款约束。如果您不同意，请勿使用我们的服务。",
      "sections": {
        "acceptance": {
          "title": "接受条款",
          "body": "使用我们的网站或 AI 税务助手即表示您确认您已年满 18 岁并具有签订这些条款的法律行为能力。如果您代表企业实体使用我们的服务，您声明您有权代表该实体接受这些条款。"
        },
        "servicesDescription": {
          "title": "服务描述",
          "body": "Homepedia 为澳洲个人和企业提供报税、会计和记账服务。我们的服务包括 AI 税务助手（帮助收集和整理报税信息），以及由注册税务代理（TPB 注册号 #26336583）进行的专业审核和提交。"
        },
        "aiAssistantDisclaimer": {
          "title": "AI 助手免责声明",
          "body": "我们的 AI 税务助手是一个旨在帮助收集和整理税务信息的工具。它根据 ATO 规则和法规提供一般性指导，但不能替代专业税务建议。AI 助手可能出于信息目的引用税法规则，但所有税务申报均由我们的注册税务代理审核并提交，由他们做出最终的专业评估。"
        },
        "professionalAdvice": {
          "title": "专业建议",
          "body": "我们网站和 AI 助手提供的信息是一般性的，不构成个人财务或税务建议。您的个人情况可能有所不同，我们建议您咨询我们的注册税务代理以获取针对您情况的专业建议。税法和法规可能会变更，虽然我们努力保持信息的时效性，但不能保证所有内容在任何时候都是最新的。"
        },
        "userResponsibilities": {
          "title": "用户责任",
          "body": "您有责任在使用我们的服务时提供准确、完整的信息。您不得将我们的服务用于任何非法目的、尝试未经授权访问我们的系统、提交虚假或误导性信息，或使用 AI 助手生成非法避税方案的建议。您承认税务申报的准确性取决于您提供信息的完整性和准确性。"
        },
        "limitationOfLiability": {
          "title": "责任限制",
          "body": "在澳洲法律允许的最大范围内，Homepedia 因任何与我们服务相关的索赔所承担的责任限于您为产生索赔的特定服务支付的费用。我们不对任何间接的、后果性的或附带的损害承担责任，包括但不限于因您提供的信息而导致的利润损失或 ATO 施加的处罚。本条款中的任何内容均不排除或限制根据澳洲消费者法不能排除的责任。"
        },
        "privacyLink": {
          "title": "隐私",
          "body": "您对我们服务的使用还受我们隐私政策的约束，该政策说明了我们如何收集、使用和保护您的个人信息。使用我们的服务即表示您同意按照隐私政策所述收集和使用您的信息。"
        },
        "changes": {
          "title": "条款变更",
          "body": "我们可能会不时更新这些服务条款。变更将在本页面发布并更新修订日期。变更发布后您继续使用我们的服务即构成对修订条款的接受。如果我们做出重大变更，我们将采取合理措施通知您，例如在网站上发布通知。"
        }
      }
    },
    "blogPage": {
      "label": "税务资讯",
      "title": "税务知识与资讯",
      "subtitle": "面向澳洲个人和企业的实用税务知识与 ATO 最新动态。",
      "noPosts": "暂无文章，请稍后再来查看！",
      "backToList": "返回博客列表",
      "ctaLabel": "需要帮助？",
      "ctaTitle": "与我们的 AI 助手聊聊",
      "ctaDescription": "我们的 AI 税务助手可以帮助您解答税务问题，整理报税材料。",
      "ctaButton": "开始使用 AI 助手"
    }
  }
}
